{
  "version": "0.2",
  "meta": {
    "n_train_episodes": 720,
    "n_test_episodes": 180,
    "n_train_windows": 12637,
    "n_test_windows": 3203,
    "n_features": 300,
    "n_channels": 75,
    "window_samples": 160,
    "episode_resample": 256
  },
  "results": {
    "event": {
      "XGBoost": {
        "accuracy": 0.9055555555555556,
        "f1_macro": 0.9040255546353106,
        "confusion": [
          [
            20,
            0,
            0,
            0,
            0,
            0,
            0,
            0,
            0
          ],
          [
            0,
            20,
            0,
            0,
            0,
            0,
            0,
            0,
            0
          ],
          [
            0,
            0,
            11,
            1,
            0,
            0,
            8,
            0,
            0
          ],
          [
            0,
            0,
            5,
            14,
            0,
            0,
            1,
            0,
            0
          ],
          [
            0,
            0,
            0,
            0,
            20,
            0,
            0,
            0,
            0
          ],
          [
            0,
            0,
            0,
            0,
            1,
            19,
            0,
            0,
            0
          ],
          [
            0,
            0,
            1,
            0,
            0,
            0,
            19,
            0,
            0
          ],
          [
            0,
            0,
            0,
            0,
            0,
            0,
            0,
            20,
            0
          ],
          [
            0,
            0,
            0,
            0,
            0,
            0,
            0,
            0,
            20
          ]
        ]
      },
      "RandomForest": {
        "accuracy": 0.8666666666666667,
        "f1_macro": 0.8595679012345678,
        "confusion": [
          [
            20,
            0,
            0,
            0,
            0,
            0,
            0,
            0,
            0
          ],
          [
            0,
            20,
            0,
            0,
            0,
            0,
            0,
            0,
            0
          ],
          [
            0,
            0,
            7,
            6,
            0,
            0,
            7,
            0,
            0
          ],
          [
            0,
            0,
            8,
            10,
            0,
            0,
            2,
            0,
            0
          ],
          [
            0,
            0,
            0,
            0,
            20,
            0,
            0,
            0,
            0
          ],
          [
            0,
            0,
            0,
            0,
            0,
            20,
            0,
            0,
            0
          ],
          [
            0,
            0,
            1,
            0,
            0,
            0,
            19,
            0,
            0
          ],
          [
            0,
            0,
            0,
            0,
            0,
            0,
            0,
            20,
            0
          ],
          [
            0,
            0,
            0,
            0,
            0,
            0,
            0,
            0,
            20
          ]
        ]
      },
      "CNN1D": {
        "accuracy": 0.6888888888888889,
        "f1_macro": 0.6860218526885193,
        "confusion": [
          [
            14,
            6,
            0,
            0,
            0,
            0,
            0,
            0,
            0
          ],
          [
            2,
            18,
            0,
            0,
            0,
            0,
            0,
            0,
            0
          ],
          [
            0,
            0,
            6,
            10,
            0,
            0,
            4,
            0,
            0
          ],
          [
            0,
            0,
            5,
            12,
            0,
            0,
            3,
            0,
            0
          ],
          [
            0,
            0,
            0,
            0,
            9,
            11,
            0,
            0,
            0
          ],
          [
            0,
            0,
            0,
            1,
            6,
            13,
            0,
            0,
            0
          ],
          [
            0,
            0,
            6,
            2,
            0,
            0,
            12,
            0,
            0
          ],
          [
            0,
            0,
            0,
            0,
            0,
            0,
            0,
            20,
            0
          ],
          [
            0,
            0,
            0,
            0,
            0,
            0,
            0,
            0,
            20
          ]
        ]
      }
    },
    "contact": {
      "XGBoost": {
        "accuracy": 0.9893849516078677,
        "f1_macro": 0.9893763764607458,
        "confusion": [
          [
            1630,
            13
          ],
          [
            21,
            1539
          ]
        ],
        "f1_positive": 0.9890745501285347
      },
      "RandomForest": {
        "accuracy": 0.9906337808304714,
        "f1_macro": 0.9906262145241875,
        "confusion": [
          [
            1632,
            11
          ],
          [
            19,
            1541
          ]
        ],
        "f1_positive": 0.9903598971722365
      },
      "CNN1D": {
        "accuracy": 0.9825163908835467,
        "f1_macro": 0.9824989891704641,
        "confusion": [
          [
            1624,
            19
          ],
          [
            37,
            1523
          ]
        ],
        "f1_positive": 0.9819471308833011
      }
    },
    "slip": {
      "XGBoost": {
        "accuracy": 0.9915704027474243,
        "f1_macro": 0.9833872645491821,
        "confusion": [
          [
            2712,
            2
          ],
          [
            25,
            464
          ]
        ],
        "f1_positive": 0.9717277486910995
      },
      "RandomForest": {
        "accuracy": 0.9843896347174523,
        "f1_macro": 0.96983187983839,
        "confusion": [
          [
            2689,
            25
          ],
          [
            25,
            464
          ]
        ],
        "f1_positive": 0.9488752556237219
      },
      "CNN1D": {
        "accuracy": 0.9175772713081486,
        "f1_macro": 0.8614167096056042,
        "confusion": [
          [
            2489,
            225
          ],
          [
            39,
            450
          ]
        ],
        "f1_positive": 0.7731958762886598
      }
    }
  },
  "class_balance": {
    "contact_test_pos_frac": 0.4870433968154855,
    "slip_test_pos_frac": 0.15266937246331563
  }
}